[
    {
      "ogid": "OG190106",
      "leaveCount": 19
    },
    {
      "ogid": "OG180842",
      "leaveCount": 20
    },
    {
      "ogid": "OG201703",
      "leaveCount": 19
    },
    {
      "ogid": "OG190239",
      "leaveCount": 18
    },
    {
      "ogid": "OG181033",
      "leaveCount": 29
    },
    {
      "ogid": "OG170733",
      "leaveCount": 21
    },
    {
      "ogid": "OG200407",
      "leaveCount": 4
    },
    {
      "ogid": "OG200408",
      "leaveCount": 9
    },
    {
      "ogid": "OG171240",
      "leaveCount": 14
    },
    {
      "ogid": "OG201339",
      "leaveCount": 12
    },
    {
      "ogid": "OG200745",
      "leaveCount": 18
    },
    {
      "ogid": "OG200350",
      "leaveCount": 4
    },
    {
      "ogid": "OG200238",
      "leaveCount": 17
    },
    {
      "ogid": "OG200539",
      "leaveCount": 9
    },
    {
      "ogid": "OG200139",
      "leaveCount": 4
    },
    {
      "ogid": "OG170933",
      "leaveCount": 8
    },
    {
      "ogid": "OG200445",
      "leaveCount": 3
    },
    {
      "ogid": "OG200943",
      "leaveCount": 16
    },
    {
      "ogid": "OG200536",
      "leaveCount": 11
    },
    {
      "ogid": "OG180351",
      "leaveCount": 16
    },
    {
      "ogid": "OG190651",
      "leaveCount": 14
    },
    {
      "ogid": "OG200514",
      "leaveCount": 22
    },
    {
      "ogid": "OG201206",
      "leaveCount": 12
    },
    {
      "ogid": "OG211204",
      "leaveCount": 14
    },
    {
      "ogid": "OG200447",
      "leaveCount": 8
    },
    {
      "ogid": "OG200545",
      "leaveCount": 12
    },
    {
      "ogid": "OG201136",
      "leaveCount": 19
    },
    {
      "ogid": "OG211007",
      "leaveCount": 11
    },
    {
      "ogid": "OG181520",
      "leaveCount": -19
    },
    {
      "ogid": "OG210209",
      "leaveCount": 5
    },
    {
      "ogid": "OG200520",
      "leaveCount": 18
    },
    {
      "ogid": "OG200529",
      "leaveCount": 11
    },
    {
      "ogid": "OG181026",
      "leaveCount": 11
    },
    {
      "ogid": "OG191218",
      "leaveCount": 16
    },
    {
      "ogid": "OG200636",
      "leaveCount": 12
    },
    {
      "ogid": "OG204708",
      "leaveCount": 12
    },
    {
      "ogid": "OG201242",
      "leaveCount": 7
    },
    {
      "ogid": "OG200247",
      "leaveCount": 15
    },
    {
      "ogid": "OG203308",
      "leaveCount": -5
    },
    {
      "ogid": "OG2534",
      "leaveCount": 4
    },
    {
      "ogid": "OG170436",
      "leaveCount": 28
    },
    {
      "ogid": "OG200618",
      "leaveCount": 2
    },
    {
      "ogid": "OG181442",
      "leaveCount": 0
    },
    {
      "ogid": "OG200940",
      "leaveCount": 13
    },
    {
      "ogid": "OG211107",
      "leaveCount": 9
    },
    {
      "ogid": "OG200913",
      "leaveCount": 3
    },
    {
      "ogid": "OG192551",
      "leaveCount": 3
    },
    {
      "ogid": "OG200513",
      "leaveCount": 26
    },
    {
      "ogid": "OG200339",
      "leaveCount": 13
    },
    {
      "ogid": "OG201007",
      "leaveCount": 15
    },
    {
      "ogid": "OG200251",
      "leaveCount": 12
    },
    {
      "ogid": "OG200151",
      "leaveCount": 7
    },
    {
      "ogid": "OG210502",
      "leaveCount": 9
    },
    {
      "ogid": "OG210302 ",
      "leaveCount": 11
    },
    {
      "ogid": "OG202008",
      "leaveCount": 7
    },
    {
      "ogid": "OG200643",
      "leaveCount": 15
    },
    {
      "ogid": "OG211605",
      "leaveCount": 14
    },
    {
      "ogid": "OG210316",
      "leaveCount": 7
    },
    {
      "ogid": "OG211004",
      "leaveCount": 16
    },
    {
      "ogid": "OG200944",
      "leaveCount": 4
    },
    {
      "ogid": "OG210218",
      "leaveCount": 12
    },
    {
      "ogid": "OG211012",
      "leaveCount": 11
    },
    {
      "ogid": "OG200110",
      "leaveCount": 11
    },
    {
      "ogid": "OG190751",
      "leaveCount": 4
    },
    {
      "ogid": "OG200118",
      "leaveCount": 11
    },
    {
      "ogid": "OG201427",
      "leaveCount": 29
    },
    {
      "ogid": "OG200236",
      "leaveCount": 18
    },
    {
      "ogid": "OG200845",
      "leaveCount": 19
    },
    {
      "ogid": "OG203608",
      "leaveCount": 2
    },
    {
      "ogid": "OG180933",
      "leaveCount": 2
    },
    {
      "ogid": "OG201903",
      "leaveCount": 14
    },
    {
      "ogid": "OG200542",
      "leaveCount": 11
    },
    {
      "ogid": "OG200247",
      "leaveCount": 7
    },
    {
      "ogid": "OG200840",
      "leaveCount": 16
    },
    {
      "ogid": "OG190126",
      "leaveCount": 23
    },
    {
      "ogid": "OG210404",
      "leaveCount": 15
    },
    {
      "ogid": "OG192243",
      "leaveCount": 26
    },
    {
      "ogid": "OG171132",
      "leaveCount": 8
    },
    {
      "ogid": "OG200806",
      "leaveCount": 6
    },
    {
      "ogid": "OG200227",
      "leaveCount": 20
    },
    {
      "ogid": "OG200329",
      "leaveCount": 21
    },
    {
      "ogid": "OG201019",
      "leaveCount": 22
    },
    {
      "ogid": "OG200920",
      "leaveCount": 8
    },
    {
      "ogid": "OG200850",
      "leaveCount": 12
    },
    {
      "ogid": "OG180146",
      "leaveCount": 20
    },
    {
      "ogid": "OG201042",
      "leaveCount": 17
    },
    {
      "ogid": "OG200638",
      "leaveCount": 9
    },
    {
      "ogid": "OG200813",
      "leaveCount": 2
    },
    {
      "ogid": "OG200411",
      "leaveCount": 0
    },
    {
      "ogid": "OG201508",
      "leaveCount": 15
    },
    {
      "ogid": "OG210403",
      "leaveCount": 16
    },
    {
      "ogid": "OG211303",
      "leaveCount": 15
    },
    {
      "ogid": "OG210117",
      "leaveCount": 4
    },
    {
      "ogid": "OG211520",
      "leaveCount": 9
    },
    {
      "ogid": "OG200347",
      "leaveCount": 13
    },
    {
      "ogid": "OG200645",
      "leaveCount": 7
    },
    {
      "ogid": "OG205208",
      "leaveCount": 23
    },
    {
      "ogid": "OG205008",
      "leaveCount": 24
    },
    {
      "ogid": "OG210410",
      "leaveCount": 12
    },
    {
      "ogid": "OG210111",
      "leaveCount": 6
    },
    {
      "ogid": "OG191111",
      "leaveCount": 9
    },
    {
      "ogid": "OG211314",
      "leaveCount": 13
    },
    {
      "ogid": "OG210312",
      "leaveCount": 10
    },
    {
      "ogid": "OG211907",
      "leaveCount": 8
    },
    {
      "ogid": "OG210712",
      "leaveCount": 9
    },
    {
      "ogid": "OG170336",
      "leaveCount": 18
    },
    {
      "ogid": "OG200127",
      "leaveCount": 7
    },
    {
      "ogid": "OG210820",
      "leaveCount": 8
    },
    {
      "ogid": "OG201040",
      "leaveCount": 18
    },
    {
      "ogid": "OG210507",
      "leaveCount": 1
    },
    {
      "ogid": "OG210318",
      "leaveCount": 10
    },
    {
      "ogid": "OG210721",
      "leaveCount": 8
    },
    {
      "ogid": "OG200514",
      "leaveCount": 16
    },
    {
      "ogid": "OG192343",
      "leaveCount": 24
    },
    {
      "ogid": "OG180245",
      "leaveCount": 15
    },
    {
      "ogid": "OG171131",
      "leaveCount": 28
    },
    {
      "ogid": "OG200549",
      "leaveCount": 3
    },
    {
      "ogid": "OG210604",
      "leaveCount": 12
    },
    {
      "ogid": "OG200239",
      "leaveCount": 12
    },
    {
      "ogid": "OG212614",
      "leaveCount": 5
    },
    {
      "ogid": "OG211914",
      "leaveCount": 4
    },
    {
      "ogid": "OG212314",
      "leaveCount": 10
    },
    {
      "ogid": "OG211214",
      "leaveCount": 14
    },
    {
      "ogid": "OG212714",
      "leaveCount": 6
    },
    {
      "ogid": "OG190851",
      "leaveCount": 13
    },
    {
      "ogid": "OG211507",
      "leaveCount": 4
    },
    {
      "ogid": "OG200339",
      "leaveCount": 4
    },
    {
      "ogid": "OG210412",
      "leaveCount": 11
    },
    {
      "ogid": "OG200650",
      "leaveCount": 10
    },
    {
      "ogid": "OG210901",
      "leaveCount": 12
    },
    {
      "ogid": "OG181116",
      "leaveCount": 21
    },
    {
      "ogid": "OG211507",
      "leaveCount": 9
    },
    {
      "ogid": "OG211514",
      "leaveCount": 5
    },
    {
      "ogid": "OG180448",
      "leaveCount": 16
    },
    {
      "ogid": "OG210207",
      "leaveCount": 4
    },
    {
      "ogid": "OG190350",
      "leaveCount": 38
    },
    {
      "ogid": "OG120",
      "leaveCount": 38
    },
    {
      "ogid": "OG170147",
      "leaveCount": 15
    },
    {
      "ogid": "OG210521",
      "leaveCount": 5
    },
    {
      "ogid": "OG170833",
      "leaveCount": 17
    },
    {
      "ogid": "OG210119",
      "leaveCount": 6
    },
    {
      "ogid": "OG210414",
      "leaveCount": 14
    },
    {
      "ogid": "OG180742",
      "leaveCount": 13
    },
    {
      "ogid": "OG210223",
      "leaveCount": 5
    },
    {
      "ogid": "OG210612",
      "leaveCount": 3
    },
    {
      "ogid": "OG210123",
      "leaveCount": 4
    },
    {
      "ogid": "OG203808",
      "leaveCount": -11
    },
    {
      "ogid": "OG201122",
      "leaveCount": 1
    },
    {
      "ogid": "OG212218",
      "leaveCount": 8
    },
    {
      "ogid": "OG200150",
      "leaveCount": 11
    },
    {
      "ogid": "OG210133",
      "leaveCount": 4
    },
    {
      "ogid": "OG210421",
      "leaveCount": 9
    },
    {
      "ogid": "OG211223",
      "leaveCount": 2
    },
    {
      "ogid": "OG210625",
      "leaveCount": 6
    },
    {
      "ogid": "OG210718",
      "leaveCount": 9
    },
    {
      "ogid": "OG163",
      "leaveCount": 13
    },
    {
      "ogid": "OG171",
      "leaveCount": 9
    },
    {
      "ogid": "OG211323",
      "leaveCount": 2
    },
    {
      "ogid": "OG210234",
      "leaveCount": 2
    },
    {
      "ogid": "OG212214",
      "leaveCount": 6
    },
    {
      "ogid": "OG210621",
      "leaveCount": 0
    },
    {
      "ogid": "OG211203",
      "leaveCount": 2
    },
    {
      "ogid": "OG200318",
      "leaveCount": 8
    },
    {
      "ogid": "OG210423",
      "leaveCount": 7
    },
    {
      "ogid": "OG210914",
      "leaveCount": 10
    },
    {
      "ogid": "OG210121",
      "leaveCount": 4
    },
    {
      "ogid": "OG107",
      "leaveCount": 2
    },
    {
      "ogid": "OG210418",
      "leaveCount": 10
    },
    {
      "ogid": "OG200449",
      "leaveCount": 21
    },
    {
      "ogid": "OG180151",
      "leaveCount": 19
    },
    {
      "ogid": "OG171934",
      "leaveCount": 18
    },
    {
      "ogid": "OG166949",
      "leaveCount": 48
    },
    {
      "ogid": "OG164222",
      "leaveCount": 34
    },
    {
      "ogid": "OG190151",
      "leaveCount": 27
    },
    {
      "ogid": "OG200206",
      "leaveCount": 15
    },
    {
      "ogid": "OG200714",
      "leaveCount": 1
    },
    {
      "ogid": "OG200514",
      "leaveCount": 15
    },
    {
      "ogid": "OG200920",
      "leaveCount": 5
    },
    {
      "ogid": "OG200327",
      "leaveCount": -6
    },
    {
      "ogid": "OG200527",
      "leaveCount": 8
    },
    {
      "ogid": "OG201027",
      "leaveCount": 20
    },
    {
      "ogid": "OG200242",
      "leaveCount": 14
    },
    {
      "ogid": "OG200349",
      "leaveCount": 11
    },
    {
      "ogid": "OG170210",
      "leaveCount": 4
    },
    {
      "ogid": "OG181216",
      "leaveCount": 14
    },
    {
      "ogid": "OG170933",
      "leaveCount": 9
    },
    {
      "ogid": "OG171033",
      "leaveCount": 8
    },
    {
      "ogid": "OG170136",
      "leaveCount": 16
    },
    {
      "ogid": "OG170940",
      "leaveCount": 13
    },
    {
      "ogid": "OG181116",
      "leaveCount": 22
    },
    {
      "ogid": "OG210204",
      "leaveCount": 20
    },
    {
      "ogid": "OG210104",
      "leaveCount": 15
    },
    {
      "ogid": "OG210214",
      "leaveCount": 14
    },
    {
      "ogid": "OG210314",
      "leaveCount": 16
    },
    {
      "ogid": "OG210714",
      "leaveCount": 12
    },
    {
      "ogid": "OG210118",
      "leaveCount": 3
    },
    {
      "ogid": "OG210132",
      "leaveCount": 2
    },
    {
      "ogid": "OG210332",
      "leaveCount": 8
    },
    {
      "ogid": "OG210532",
      "leaveCount": 8
    },
    {
      "ogid": "OG210732",
      "leaveCount": 8
    },
    {
      "ogid": "OG210932",
      "leaveCount": 0
    },
    {
      "ogid": "OG210137",
      "leaveCount": 6
    },
    {
      "ogid": "OG210237",
      "leaveCount": 6
    },
    {
      "ogid": "OG210337",
      "leaveCount": 6
    },
    {
      "ogid": "OG210437",
      "leaveCount": 6
    },
    {
      "ogid": "OG210637",
      "leaveCount": 6
    },
    {
      "ogid": "OG210737",
      "leaveCount": 6
    },
    {
      "ogid": "OG210140",
      "leaveCount": 6
    },
    {
      "ogid": "OG210240",
      "leaveCount": 6
    },
    {
      "ogid": "OG181426",
      "leaveCount": 32
    },
    {
      "ogid": "OG190219",
      "leaveCount": 13
    },
    {
      "ogid": "OG180831",
      "leaveCount": 12
    },
    {
      "ogid": "OG190220",
      "leaveCount": 17
    },
    {
      "ogid": "OG170522",
      "leaveCount": 22
    },
    {
      "ogid": "OG170622",
      "leaveCount": 22
    },
    {
      "ogid": "OG170722",
      "leaveCount": 22
    },
    {
      "ogid": "OG172422",
      "leaveCount": 22
    },
    {
      "ogid": "OG170227",
      "leaveCount": 22
    },
    {
      "ogid": "OG172828",
      "leaveCount": 22
    },
    {
      "ogid": "OG172528",
      "leaveCount": 22
    },
    {
      "ogid": "OG172728",
      "leaveCount": 17
    },
    {
      "ogid": "OG170327",
      "leaveCount": 22
    },
    {
      "ogid": "OG170535",
      "leaveCount": 22
    },
    {
      "ogid": "OG170139",
      "leaveCount": 22
    },
    {
      "ogid": "OG170239",
      "leaveCount": 22
    },
    {
      "ogid": "OG170339",
      "leaveCount": 22
    },
    {
      "ogid": "OG171141",
      "leaveCount": 22
    },
    {
      "ogid": "OG171041",
      "leaveCount": 22
    },
    {
      "ogid": "OG171143",
      "leaveCount": 22
    },
    {
      "ogid": "OG171043",
      "leaveCount": 22
    },
    {
      "ogid": "OG171645",
      "leaveCount": 17
    },
    {
      "ogid": "OG171845",
      "leaveCount": 22
    },
    {
      "ogid": "OG180102",
      "leaveCount": 22
    },
    {
      "ogid": "OG180602",
      "leaveCount": 22
    },
    {
      "ogid": "OG180304",
      "leaveCount": 22
    },
    {
      "ogid": "OG180104",
      "leaveCount": 22
    },
    {
      "ogid": "OG180204",
      "leaveCount": 17
    },
    {
      "ogid": "OG180207",
      "leaveCount": 22
    },
    {
      "ogid": "OG180307",
      "leaveCount": 22
    },
    {
      "ogid": "OG180109",
      "leaveCount": 22
    },
    {
      "ogid": "OG180209",
      "leaveCount": 17
    },
    {
      "ogid": "OG180811",
      "leaveCount": 22
    },
    {
      "ogid": "OG181414",
      "leaveCount": 22
    },
    {
      "ogid": "OG181514",
      "leaveCount": 22
    },
    {
      "ogid": "OG181614",
      "leaveCount": 22
    },
    {
      "ogid": "OG180416",
      "leaveCount": 22
    },
    {
      "ogid": "OG180316",
      "leaveCount": 22
    },
    {
      "ogid": "OG180118",
      "leaveCount": 22
    },
    {
      "ogid": "OG180318",
      "leaveCount": 17
    },
    {
      "ogid": "OG180418",
      "leaveCount": 22
    },
    {
      "ogid": "OG181526",
      "leaveCount": 16
    },
    {
      "ogid": "OG180136",
      "leaveCount": 22
    },
    {
      "ogid": "OG191051",
      "leaveCount": 22
    },
    {
      "ogid": "OG191251",
      "leaveCount": 22
    },
    {
      "ogid": "OG191151",
      "leaveCount": 22
    },
    {
      "ogid": "OG200103",
      "leaveCount": 22
    },
    {
      "ogid": "OG200203",
      "leaveCount": 22
    },
    {
      "ogid": "OG200303",
      "leaveCount": 22
    },
    {
      "ogid": "OG170231",
      "leaveCount": 22
    },
    {
      "ogid": "OG200112",
      "leaveCount": 16
    },
    {
      "ogid": "OG200212",
      "leaveCount": 22
    },
    {
      "ogid": "OG201113",
      "leaveCount": 22
    },
    {
      "ogid": "OG200414",
      "leaveCount": 22
    },
    {
      "ogid": "OG200314",
      "leaveCount": 19
    },
    {
      "ogid": "OG200214",
      "leaveCount": 12
    },
    {
      "ogid": "OG200112",
      "leaveCount": 13
    },
    {
      "ogid": "OG211940",
      "leaveCount": 22
    },
    {
      "ogid": "OG210142",
      "leaveCount": 22
    },
    {
      "ogid": "OG181226",
      "leaveCount": 24
    },
    {
      "ogid": "OG190339",
      "leaveCount": 7
    },
    {
      "ogid": "OG190347",
      "leaveCount": 18
    },
    {
      "ogid": "OG190149",
      "leaveCount": 17
    },
    {
      "ogid": "OG192451",
      "leaveCount": 20
    },
    {
      "ogid": "OG201013",
      "leaveCount": 17
    },
    {
      "ogid": "OG200117",
      "leaveCount": 12
    },
    {
      "ogid": "OG201127",
      "leaveCount": 21
    },
    {
      "ogid": "OG210307",
      "leaveCount": 17
    },
    {
      "ogid": "OG210221",
      "leaveCount": 10
    },
    {
      "ogid": "OG210321",
      "leaveCount": 10
    },
    {
      "ogid": "OG210323",
      "leaveCount": 9
    },
    {
      "ogid": "OG210523",
      "leaveCount": 8
    },
    {
      "ogid": "OG210723",
      "leaveCount": 11
    },
    {
      "ogid": "OG211334",
      "leaveCount": 8
    },
    {
      "ogid": "OG211434",
      "leaveCount": 6
    },
    {
      "ogid": "OG211634",
      "leaveCount": 8
    },
    {
      "ogid": "OG211734",
      "leaveCount": 7
    },
    {
      "ogid": "OG210835",
      "leaveCount": 5
    },
    {
      "ogid": "OG210935",
      "leaveCount": 0
    },
    {
      "ogid": "OG211035",
      "leaveCount": 6
    },
    {
      "ogid": "OG211135",
      "leaveCount": 6
    },
    {
      "ogid": "OG211235",
      "leaveCount": 5
    },
    {
      "ogid": "OG210338",
      "leaveCount": 6
    },
    {
      "ogid": "OG210438",
      "leaveCount": 0
    },
    {
      "ogid": "OG210538",
      "leaveCount": 6
    },
    {
      "ogid": "OG210738",
      "leaveCount": 6
    },
    {
      "ogid": "OG210540",
      "leaveCount": 6
    },
    {
      "ogid": "OG210640",
      "leaveCount": 6
    },
    {
      "ogid": "OG210840",
      "leaveCount": 4
    },
    {
      "ogid": "OG210940",
      "leaveCount": 6
    },
    {
      "ogid": "OG210242",
      "leaveCount": 4
    },
    {
      "ogid": "OG210342",
      "leaveCount": 4
    },
    {
      "ogid": "OG210442",
      "leaveCount": 4
    },
    {
      "ogid": "OG210542",
      "leaveCount": 4
    },
    {
      "ogid": "OG210642",
      "leaveCount": 4
    },
    {
      "ogid": "OG171538",
      "leaveCount": 16
    },
    {
      "ogid": "OG200842",
      "leaveCount": 0
    },
    {
      "ogid": "OG210120",
      "leaveCount": 11
    },
    {
      "ogid": "OG210620",
      "leaveCount": 11
    },
    {
      "ogid": "OG191231",
      "leaveCount": 19
    },
    {
      "ogid": "OG190131",
      "leaveCount": 20
    },
    {
      "ogid": "OG190732",
      "leaveCount": 19
    },
    {
      "ogid": "OG201204",
      "leaveCount": 16
    },
    {
      "ogid": "OG181022",
      "leaveCount": 16
    },
    {
      "ogid": "OG191207",
      "leaveCount": 19
    },
    {
      "ogid": "OG181217",
      "leaveCount": 21
    },
    {
      "ogid": "OG183020",
      "leaveCount": 18
    },
    {
      "ogid": "OG190510",
      "leaveCount": 17
    },
    {
      "ogid": "OG192133",
      "leaveCount": 21
    },
    {
      "ogid": "OG200344",
      "leaveCount": 0
    },
    {
      "ogid": "OG213414",
      "leaveCount": 15
    },
    {
      "ogid": "OG211625",
      "leaveCount": 10
    },
    {
      "ogid": "OG210426",
      "leaveCount": 4
    },
    {
      "ogid": "OG212414",
      "leaveCount": 13
    },
    {
      "ogid": "OG212514",
      "leaveCount": 11
    },
    {
      "ogid": "OG213114",
      "leaveCount": 5
    },
    {
      "ogid": "OG211723",
      "leaveCount": 12
    },
    {
      "ogid": "OG212123",
      "leaveCount": 10
    },
    {
      "ogid": "OG211118",
      "leaveCount": -2
    },
    {
      "ogid": "OG210126",
      "leaveCount": 8
    },
    {
      "ogid": "OG210326",
      "leaveCount": 10
    },
    {
      "ogid": "OG210526",
      "leaveCount": 4
    },
    {
      "ogid": "OG210626",
      "leaveCount": 12
    },
    {
      "ogid": "OG210726",
      "leaveCount": 9
    },
    {
      "ogid": "OG210826",
      "leaveCount": 9
    },
    {
      "ogid": "OG210330",
      "leaveCount": 8
    },
    {
      "ogid": "OG210830",
      "leaveCount": 10
    },
    {
      "ogid": "OG210930",
      "leaveCount": 5
    },
    {
      "ogid": "OG210134",
      "leaveCount": 2
    },
    {
      "ogid": "OG210334",
      "leaveCount": 8
    },
    {
      "ogid": "OG210434",
      "leaveCount": 8
    },
    {
      "ogid": "OG210534",
      "leaveCount": 6
    },
    {
      "ogid": "OG210634",
      "leaveCount": 8
    },
    {
      "ogid": "OG210734",
      "leaveCount": 8
    },
    {
      "ogid": "OG210834",
      "leaveCount": 6
    },
    {
      "ogid": "OG210934",
      "leaveCount": 7
    },
    {
      "ogid": "OG211034",
      "leaveCount": 2
    },
    {
      "ogid": "OG211134",
      "leaveCount": 8
    },
    {
      "ogid": "OG210339",
      "leaveCount": 4
    },
    {
      "ogid": "OG210439",
      "leaveCount": 5
    },
    {
      "ogid": "OG210539",
      "leaveCount": 6
    },
    {
      "ogid": "OG210639",
      "leaveCount": 4
    },
    {
      "ogid": "OG210739",
      "leaveCount": 6
    },
    {
      "ogid": "OG210939",
      "leaveCount": 5
    },
    {
      "ogid": "OG211039",
      "leaveCount": 6
    },
    {
      "ogid": "OG210239",
      "leaveCount": 4
    },
    {
      "ogid": "OG211040",
      "leaveCount": 5
    },
    {
      "ogid": "OG211140",
      "leaveCount": 6
    },
    {
      "ogid": "OG211240",
      "leaveCount": 6
    },
    {
      "ogid": "OG211340",
      "leaveCount": 2
    },
    {
      "ogid": "OG211440",
      "leaveCount": 5
    },
    {
      "ogid": "OG211540",
      "leaveCount": 6
    },
    {
      "ogid": "OG211640",
      "leaveCount": 6
    },
    {
      "ogid": "OG211840",
      "leaveCount": 6
    },
    {
      "ogid": "OG212040",
      "leaveCount": 5
    },
    {
      "ogid": "OG210842",
      "leaveCount": 4
    },
    {
      "ogid": "OG210942",
      "leaveCount": 4
    },
    {
      "ogid": "OG211042",
      "leaveCount": 4
    },
    {
      "ogid": "OG211142",
      "leaveCount": 4
    },
    {
      "ogid": "OG211442",
      "leaveCount": 4
    },
    {
      "ogid": "OG210243",
      "leaveCount": 4
    },
    {
      "ogid": "OG210343",
      "leaveCount": 4
    },
    {
      "ogid": "OG210543",
      "leaveCount": 4
    },
    {
      "ogid": "OG210643",
      "leaveCount": 4
    },
    {
      "ogid": "OG210743",
      "leaveCount": 4
    },
    {
      "ogid": "OG210843",
      "leaveCount": 4
    },
    {
      "ogid": "OG210943",
      "leaveCount": 4
    },
    {
      "ogid": "OG211043",
      "leaveCount": 4
    },
    {
      "ogid": "OG210145",
      "leaveCount": 2
    },
    {
      "ogid": "OG210245",
      "leaveCount": 2
    },
    {
      "ogid": "OG210445",
      "leaveCount": 2
    },
    {
      "ogid": "OG210545",
      "leaveCount": 2
    },
    {
      "ogid": "OG210645",
      "leaveCount": 2
    },
    {
      "ogid": "OG210745",
      "leaveCount": 2
    },
    {
      "ogid": "OG210845",
      "leaveCount": 2
    },
    {
      "ogid": "OG210945",
      "leaveCount": 2
    },
    {
      "ogid": "OG210903",
      "leaveCount": 15
    },
    {
      "ogid": "OG200151",
      "leaveCount": 14
    },
    {
      "ogid": "OG210123",
      "leaveCount": 4
    },
    {
      "ogid": "OG210223",
      "leaveCount": 9
    },
    {
      "ogid": "OG200707",
      "leaveCount": 20
    },
    {
      "ogid": "OG200107",
      "leaveCount": 18
    },
    {
      "ogid": "OG200607",
      "leaveCount": 5
    },
    {
      "ogid": "OG200140",
      "leaveCount": 13
    },
    {
      "ogid": "OG210135",
      "leaveCount": 7
    },
    {
      "ogid": "OG210235",
      "leaveCount": 7
    },
    {
      "ogid": "OG210335",
      "leaveCount": 8
    },
    {
      "ogid": "OG210435",
      "leaveCount": 4
    },
    {
      "ogid": "OG210535",
      "leaveCount": 8
    },
    {
      "ogid": "OG210635",
      "leaveCount": 8
    },
    {
      "ogid": "OG181014",
      "leaveCount": 18
    },
    {
      "ogid": "OG200508",
      "leaveCount": 0
    },
    {
      "ogid": "OG201708",
      "leaveCount": 17
    },
    {
      "ogid": "OG201308",
      "leaveCount": 24
    },
    {
      "ogid": "OG202108",
      "leaveCount": 16
    },
    {
      "ogid": "OG202508",
      "leaveCount": 17
    },
    {
      "ogid": "OG202808",
      "leaveCount": 20
    },
    {
      "ogid": "OG203108",
      "leaveCount": 24
    },
    {
      "ogid": "OG204808",
      "leaveCount": 14
    },
    {
      "ogid": "OG205108",
      "leaveCount": 17
    },
    {
      "ogid": "OG200743",
      "leaveCount": 14
    },
    {
      "ogid": "OG200843",
      "leaveCount": 17
    },
    {
      "ogid": "OG201043",
      "leaveCount": 16
    },
    {
      "ogid": "OG210402",
      "leaveCount": 12
    },
    {
      "ogid": "OG210707",
      "leaveCount": 14
    },
    {
      "ogid": "OG210607",
      "leaveCount": 14
    },
    {
      "ogid": "OG211107",
      "leaveCount": 15
    },
    {
      "ogid": "OG210416",
      "leaveCount": 12
    },
    {
      "ogid": "OG211420",
      "leaveCount": 11
    },
    {
      "ogid": "OG211520",
      "leaveCount": 7
    },
    {
      "ogid": "OG210127",
      "leaveCount": 10
    },
    {
      "ogid": "OG210227",
      "leaveCount": 9
    },
    {
      "ogid": "OG210228",
      "leaveCount": 8
    },
    {
      "ogid": "OG211934",
      "leaveCount": 8
    },
    {
      "ogid": "OG212034",
      "leaveCount": 8
    },
    {
      "ogid": "OG212134",
      "leaveCount": 7
    },
    {
      "ogid": "OG212143",
      "leaveCount": 4
    },
    {
      "ogid": "OG211843",
      "leaveCount": 2
    },
    {
      "ogid": "OG211343",
      "leaveCount": 2
    },
    {
      "ogid": "OG211743",
      "leaveCount": 4
    },
    {
      "ogid": "OG212043",
      "leaveCount": 4
    },
    {
      "ogid": "OG211643",
      "leaveCount": 4
    },
    {
      "ogid": "OG211243",
      "leaveCount": 4
    },
    {
      "ogid": "OG211943",
      "leaveCount": 4
    },
    {
      "ogid": "OG211543",
      "leaveCount": 2
    },
    {
      "ogid": "OG192052",
      "leaveCount": 24
    },
    {
      "ogid": "OG193151",
      "leaveCount": 16
    },
    {
      "ogid": "OG193051",
      "leaveCount": 14
    },
    {
      "ogid": "OG190152",
      "leaveCount": 24
    },
    {
      "ogid": "OG191952",
      "leaveCount": 24
    },
    {
      "ogid": "OG110",
      "leaveCount": 24
    },
    {
      "ogid": "OG202003",
      "leaveCount": 15
    },
    {
      "ogid": "OG201436",
      "leaveCount": 14
    },
    {
      "ogid": "OG201736",
      "leaveCount": 19
    },
    {
      "ogid": "OG201636",
      "leaveCount": 20
    },
    {
      "ogid": "OG201936",
      "leaveCount": 24
    },
    {
      "ogid": "OG201236",
      "leaveCount": 24
    },
    {
      "ogid": "OG202036",
      "leaveCount": 24
    },
    {
      "ogid": "OG200138",
      "leaveCount": 13
    },
    {
      "ogid": "OG201836",
      "leaveCount": 24
    },
    {
      "ogid": "OG210138",
      "leaveCount": 24
    },
    {
      "ogid": "OG211239",
      "leaveCount": 24
    },
    {
      "ogid": "OG143",
      "leaveCount": 24
    },
    {
      "ogid": "OG171733",
      "leaveCount": 17
    },
    {
      "ogid": "OG212205",
      "leaveCount": 14
    },
    {
      "ogid": "OG200145",
      "leaveCount": 12
    },
    {
      "ogid": "OG201049",
      "leaveCount": 6
    },
    {
      "ogid": "OG211114",
      "leaveCount": 14
    },
    {
      "ogid": "OG210415",
      "leaveCount": 10
    },
    {
      "ogid": "OG210215",
      "leaveCount": 11
    },
    {
      "ogid": "OG210115",
      "leaveCount": 13
    },
    {
      "ogid": "OG210615",
      "leaveCount": 16
    },
    {
      "ogid": "OG210315",
      "leaveCount": 16
    },
    {
      "ogid": "OG210515",
      "leaveCount": 11
    },
    {
      "ogid": "OG210116",
      "leaveCount": 3
    },
    {
      "ogid": "OG210217",
      "leaveCount": 7
    },
    {
      "ogid": "OG211120",
      "leaveCount": 9
    },
    {
      "ogid": "OG211320",
      "leaveCount": 5
    },
    {
      "ogid": "OG211220",
      "leaveCount": 13
    },
    {
      "ogid": "OG210616",
      "leaveCount": 13
    },
    {
      "ogid": "OG211605",
      "leaveCount": 24
    },
    {
      "ogid": "OG211505",
      "leaveCount": 24
    },
    {
      "ogid": "OG210838",
      "leaveCount": 6
    },
    {
      "ogid": "OG200325",
      "leaveCount": 24
    },
    {
      "ogid": "OG200101",
      "leaveCount": 13
    },
    {
      "ogid": "OG205908",
      "leaveCount": 16
    },
    {
      "ogid": "OG210918",
      "leaveCount": 15
    },
    {
      "ogid": "OG182820",
      "leaveCount": 7
    },
    {
      "ogid": "OG200147",
      "leaveCount": 15
    },
    {
      "ogid": "OG200413",
      "leaveCount": 17
    },
    {
      "ogid": "OG201542",
      "leaveCount": 11
    },
    {
      "ogid": "OG210411",
      "leaveCount": 8
    },
    {
      "ogid": "OG200651",
      "leaveCount": 12
    },
    {
      "ogid": "OG201349",
      "leaveCount": 12
    },
    {
      "ogid": "OG210128",
      "leaveCount": 4
    },
    {
      "ogid": "OG210131",
      "leaveCount": 8
    },
    {
      "ogid": "OG180723",
      "leaveCount": 12
    },
    {
      "ogid": "OG202308",
      "leaveCount": 14
    },
    {
      "ogid": "OG210322",
      "leaveCount": 12
    },
    {
      "ogid": "OG210422",
      "leaveCount": 12
    },
    {
      "ogid": "OG210622",
      "leaveCount": 12
    },
    {
      "ogid": "OG200949",
      "leaveCount": 9
    },
    {
      "ogid": "OG200440",
      "leaveCount": 19
    },
    {
      "ogid": "OG211832",
      "leaveCount": 8
    },
    {
      "ogid": "OG210125",
      "leaveCount": 12
    },
    {
      "ogid": "OG210225",
      "leaveCount": 8
    },
    {
      "ogid": "OG210325",
      "leaveCount": 12
    },
    {
      "ogid": "OG210425",
      "leaveCount": 12
    },
    {
      "ogid": "OG200451",
      "leaveCount": 12
    },
    {
      "ogid": "OG191426",
      "leaveCount": 13
    },
    {
      "ogid": "OG210139",
      "leaveCount": 6
    },
    {
      "ogid": "OG210340",
      "leaveCount": 6
    },
    {
      "ogid": "OG166143",
      "leaveCount": 15
    },
    {
      "ogid": "OG006",
      "leaveCount": 14
    },
    {
      "ogid": "OG020",
      "leaveCount": 20
    },
    {
      "ogid": "OG027",
      "leaveCount": 18
    },
    {
      "ogid": "OG164322",
      "leaveCount": 22
    },
    {
      "ogid": "OG010",
      "leaveCount": 20
    },
    {
      "ogid": "OG026",
      "leaveCount": 20
    },
    {
      "ogid": "OG033",
      "leaveCount": 16
    },
    {
      "ogid": "OG046",
      "leaveCount": 22
    },
    {
      "ogid": "OG54",
      "leaveCount": 20
    },
    {
      "ogid": "OG67",
      "leaveCount": 18
    },
    {
      "ogid": "OG72",
      "leaveCount": 12
    },
    {
      "ogid": "OG74",
      "leaveCount": 20
    },
    {
      "ogid": "OG76",
      "leaveCount": 22
    },
    {
      "ogid": "OG77",
      "leaveCount": 15
    },
    {
      "ogid": "OG78",
      "leaveCount": 20
    },
    {
      "ogid": "OG81",
      "leaveCount": 22
    },
    {
      "ogid": "OG80",
      "leaveCount": 22
    },
    {
      "ogid": "OG123",
      "leaveCount": 19
    },
    {
      "ogid": "OG126",
      "leaveCount": 22
    },
    {
      "ogid": "OG132",
      "leaveCount": 20
    },
    {
      "ogid": "OG134",
      "leaveCount": 16
    },
    {
      "ogid": "OG201908",
      "leaveCount": 21
    },
    {
      "ogid": "OG136",
      "leaveCount": 18
    },
    {
      "ogid": "OG200225",
      "leaveCount": 17
    },
    {
      "ogid": "OG138",
      "leaveCount": 20
    },
    {
      "ogid": "OG139",
      "leaveCount": 19
    },
    {
      "ogid": "OG142",
      "leaveCount": 6
    },
    {
      "ogid": "OG148",
      "leaveCount": 20
    },
    {
      "ogid": "OG149",
      "leaveCount": 22
    },
    {
      "ogid": "OG150",
      "leaveCount": 19
    },
    {
      "ogid": "OG162",
      "leaveCount": 18
    },
    {
      "ogid": "OG168",
      "leaveCount": 16
    },
    {
      "ogid": "OG169",
      "leaveCount": 14
    },
    {
      "ogid": "OG176",
      "leaveCount": 10
    },
    {
      "ogid": "OG178",
      "leaveCount": 8
    },
    {
      "ogid": "OG179",
      "leaveCount": 6
    },
    {
      "ogid": "OG201307",
      "leaveCount": 14
    }
   ]