{
    "keep": {
        "days": false,
        "amount": 30
    },
    "auditLog": "C:\\dev\\Outsource\\OGTL-ERP\\src\\logs\\debug\\.b6c9453375fd71028c55d45a395a6733a720f24a-audit.json",
    "files": [
        {
            "date": 1637497625547,
            "name": "C:\\dev\\Outsource\\OGTL-ERP\\src\\logs\\debug\\2021-11-21.log",
            "hash": "210c3a8d7dcae6b010e66a0b1526f62d"
        },
        {
            "date": 1637565568465,
            "name": "C:\\dev\\Outsource\\OGTL-ERP\\src\\logs\\debug\\2021-11-22.log",
            "hash": "03b0ad79433561215d6ee83ab8fdabfb"
        },
        {
            "date": 1637644043360,
            "name": "C:\\dev\\Outsource\\OGTL-ERP\\src\\logs\\debug\\2021-11-23.log",
            "hash": "f25b416f22f0042b563e909498138084"
        },
        {
            "date": 1637708406987,
            "name": "C:\\dev\\Outsource\\OGTL-ERP\\src\\logs\\debug\\2021-11-24.log",
            "hash": "6539607114bee80e4adc2aba3b9cf9a4"
        },
        {
            "date": 1637795654114,
            "name": "C:\\dev\\Outsource\\OGTL-ERP\\src\\logs\\debug\\2021-11-25.log",
            "hash": "9b2131b245719537f8ae362d017f83dc"
        },
        {
            "date": 1637927355130,
            "name": "C:\\dev\\Outsource\\OGTL-ERP\\src\\logs\\debug\\2021-11-26.log",
            "hash": "bc3bae4fff5a1ec62c827c7940a2e3cc"
        },
        {
            "date": 1638030845023,
            "name": "C:\\dev\\Outsource\\OGTL-ERP\\src\\logs\\debug\\2021-11-27.log",
            "hash": "c84ec9bedb62ceeb1e220dccdc33611a"
        },
        {
            "date": 1638057417012,
            "name": "C:\\dev\\Outsource\\OGTL-ERP\\src\\logs\\debug\\2021-11-28.log",
            "hash": "23372963a6463cf2c4b2248a70082196"
        },
        {
            "date": 1638165192277,
            "name": "C:\\dev\\Outsource\\OGTL-ERP\\src\\logs\\debug\\2021-11-29.log",
            "hash": "1366e8adcfef0e7936824b6ad543f574"
        },
        {
            "date": 1638263289930,
            "name": "C:\\dev\\Outsource\\OGTL-ERP\\src\\logs\\debug\\2021-11-30.log",
            "hash": "9d16b0a7a87fb560bfda314369a66744"
        },
        {
            "date": 1638368976220,
            "name": "C:\\dev\\Outsource\\OGTL-ERP\\src\\logs\\debug\\2021-12-01.log",
            "hash": "e5a9a8e29cbf82474d789c97d09f6b72"
        },
        {
            "date": 1638986786343,
            "name": "C:\\dev\\Outsource\\OGTL-ERP\\src\\logs\\debug\\2021-12-08.log",
            "hash": "03b2a7b64ad4edc711e8f92826240ede"
        },
        {
            "date": 1639026859431,
            "name": "C:\\dev\\Outsource\\OGTL-ERP\\src\\logs\\debug\\2021-12-09.log",
            "hash": "ce2a0d1377008886f7a3a31917d740c3"
        },
        {
            "date": 1639392107822,
            "name": "C:\\dev\\Outsource\\OGTL-ERP\\src\\logs\\debug\\2021-12-13.log",
            "hash": "72cd6b44cd9eaf25711a109f992f21e1"
        },
        {
            "date": 1639438370276,
            "name": "C:\\dev\\Outsource\\OGTL-ERP\\src\\logs\\debug\\2021-12-14.log",
            "hash": "2146bb4fd7331664cbb84f1f544c8d5e"
        },
        {
            "date": 1639525025958,
            "name": "C:\\dev\\Outsource\\OGTL-ERP\\src\\logs\\debug\\2021-12-15.log",
            "hash": "dd79f13bef7d9100d594b32f4eb6e9a1"
        },
        {
            "date": 1639632470774,
            "name": "C:\\dev\\Outsource\\OGTL-ERP\\src\\logs\\debug\\2021-12-16.log",
            "hash": "506c3fff03df9e4d23f5f15a5f6e4aa5"
        },
        {
            "date": 1639724604115,
            "name": "C:\\dev\\Outsource\\OGTL-ERP\\src\\logs\\debug\\2021-12-17.log",
            "hash": "cfac1964c32039bd42f0e42d4a0f7636"
        },
        {
            "date": 1639978149151,
            "name": "C:\\dev\\Outsource\\OGTL-ERP\\src\\logs\\debug\\2021-12-20.log",
            "hash": "d4e4a27a876c46ff09d2965ae4b66e64"
        },
        {
            "date": 1640063853041,
            "name": "C:\\dev\\Outsource\\OGTL-ERP\\src\\logs\\debug\\2021-12-21.log",
            "hash": "700c444b92752f978dec9a0763dccc7c"
        },
        {
            "date": 1640151816137,
            "name": "C:\\dev\\Outsource\\OGTL-ERP\\src\\logs\\debug\\2021-12-22.log",
            "hash": "b9e5b69f68a32626bc5e25e6726e5cd2"
        },
        {
            "date": 1640495724169,
            "name": "C:\\dev\\Outsource\\OGTL-ERP\\src\\logs\\debug\\2021-12-26.log",
            "hash": "ea7026c8108ae2ab4123b094b661bdbf"
        },
        {
            "date": 1640637864546,
            "name": "C:\\dev\\Outsource\\OGTL-ERP\\src\\logs\\debug\\2021-12-27.log",
            "hash": "8eeeb92033447263111e5dfed30d8f75"
        },
        {
            "date": 1640897610701,
            "name": "C:\\dev\\Outsource\\OGTL-ERP\\src\\logs\\debug\\2021-12-30.log",
            "hash": "38468e7c4104dcee57009cb447e9704f"
        },
        {
            "date": 1640942137731,
            "name": "C:\\dev\\Outsource\\OGTL-ERP\\src\\logs\\debug\\2021-12-31.log",
            "hash": "79ed8339d973d427545f38a6bd89c93b"
        },
        {
            "date": 1641145985455,
            "name": "C:\\dev\\Outsource\\OGTL-ERP\\src\\logs\\debug\\2022-01-02.log",
            "hash": "76cbe329d94d99f96506420fbec0dc55"
        },
        {
            "date": 1641192044643,
            "name": "C:\\dev\\Outsource\\OGTL-ERP\\src\\logs\\debug\\2022-01-03.log",
            "hash": "5f64674f11eb3ef871ee3c3cd8cd532c"
        },
        {
            "date": 1641288460435,
            "name": "C:\\dev\\Outsource\\OGTL-ERP\\src\\logs\\debug\\2022-01-04.log",
            "hash": "64ffac27781e6665876e9a4d38b0cc90"
        },
        {
            "date": 1642365718727,
            "name": "C:\\dev\\Outsource\\OGTL-ERP\\src\\logs\\debug\\2022-01-16.log",
            "hash": "ff1645ebe3b02d39c4a55d0f3deb6ddb"
        },
        {
            "date": 1642569096382,
            "name": "C:\\dev\\Outsource\\OGTL-ERP\\src\\logs\\debug\\2022-01-19.log",
            "hash": "cf6b3f3e396872d2c9460b22c6f98b3f"
        }
    ]
}