{
    "keep": {
        "days": false,
        "amount": 30
    },
    "auditLog": "C:\\Dev\\Outsource\\OGTL-ERP\\src\\logs\\debug\\.fb3a3d159cd552ff98209c4add4def9e0a02140d-audit.json",
    "files": [
        {
            "date": 1629199883500,
            "name": "C:\\Dev\\Outsource\\OGTL-ERP\\src\\logs\\debug\\2021-08-17.log",
            "hash": "4db147fd9202d096de22ad88ed6d69b1"
        },
        {
            "date": 1629277977342,
            "name": "C:\\Dev\\Outsource\\OGTL-ERP\\src\\logs\\debug\\2021-08-18.log",
            "hash": "aa1333777c514552bbfb9bf1af8b1c77"
        },
        {
            "date": 1629372101751,
            "name": "C:\\Dev\\Outsource\\OGTL-ERP\\src\\logs\\debug\\2021-08-19.log",
            "hash": "8be0325a10a60197dd46fd3158c02b06"
        },
        {
            "date": 1629419822245,
            "name": "C:\\Dev\\Outsource\\OGTL-ERP\\src\\logs\\debug\\2021-08-20.log",
            "hash": "28fde580931ddd9fe339d18039c1877f"
        },
        {
            "date": 1629502084149,
            "name": "C:\\Dev\\Outsource\\OGTL-ERP\\src\\logs\\debug\\2021-08-21.log",
            "hash": "80f5bdffa24c1a88b95252606bf77cd5"
        },
        {
            "date": 1629612490287,
            "name": "C:\\Dev\\Outsource\\OGTL-ERP\\src\\logs\\debug\\2021-08-22.log",
            "hash": "5f76515ae7d5bfd3dfeb523643e9ada5"
        },
        {
            "date": 1629673734765,
            "name": "C:\\Dev\\Outsource\\OGTL-ERP\\src\\logs\\debug\\2021-08-23.log",
            "hash": "a8064332801a7f8560d84c8a950d7a2a"
        },
        {
            "date": 1629793503239,
            "name": "C:\\Dev\\Outsource\\OGTL-ERP\\src\\logs\\debug\\2021-08-24.log",
            "hash": "b6e25bc3ae3bd37d8c2fc5a201bff8d1"
        },
        {
            "date": 1629877940504,
            "name": "C:\\Dev\\Outsource\\OGTL-ERP\\src\\logs\\debug\\2021-08-25.log",
            "hash": "3b0ced63c6bdcaf6a71e9e0c39ef1029"
        },
        {
            "date": 1630059870703,
            "name": "C:\\Dev\\Outsource\\OGTL-ERP\\src\\logs\\debug\\2021-08-27.log",
            "hash": "7003ae04e42da630589b4f1258dd4e29"
        },
        {
            "date": 1630409251770,
            "name": "C:\\Dev\\Outsource\\OGTL-ERP\\src\\logs\\debug\\2021-08-31.log",
            "hash": "57385625256a69fc02eb182677152b5a"
        },
        {
            "date": 1630485294849,
            "name": "C:\\Dev\\Outsource\\OGTL-ERP\\src\\logs\\debug\\2021-09-01.log",
            "hash": "034e312acc3858ee78a47ac68b863380"
        },
        {
            "date": 1630538057910,
            "name": "C:\\Dev\\Outsource\\OGTL-ERP\\src\\logs\\debug\\2021-09-02.log",
            "hash": "8c32846745eb9bdd360655b9a46b2a24"
        },
        {
            "date": 1630656934049,
            "name": "C:\\Dev\\Outsource\\OGTL-ERP\\src\\logs\\debug\\2021-09-03.log",
            "hash": "4472f0f420d8279a00d49dfe9a56df75"
        },
        {
            "date": 1630713998398,
            "name": "C:\\Dev\\Outsource\\OGTL-ERP\\src\\logs\\debug\\2021-09-04.log",
            "hash": "cbf1e48562cd99912e2f01d2ede27f82"
        },
        {
            "date": 1630818641158,
            "name": "C:\\Dev\\Outsource\\OGTL-ERP\\src\\logs\\debug\\2021-09-05.log",
            "hash": "b5c7c6ee77ecbdbd13bcd75261ad3b14"
        },
        {
            "date": 1630887336165,
            "name": "C:\\Dev\\Outsource\\OGTL-ERP\\src\\logs\\debug\\2021-09-06.log",
            "hash": "5d4987d456fbbe21c4ade4f216509019"
        },
        {
            "date": 1630969232264,
            "name": "C:\\Dev\\Outsource\\OGTL-ERP\\src\\logs\\debug\\2021-09-07.log",
            "hash": "7b7081792351cd4d7bcc6bda63273a3e"
        },
        {
            "date": 1631059665263,
            "name": "C:\\Dev\\Outsource\\OGTL-ERP\\src\\logs\\debug\\2021-09-08.log",
            "hash": "5b16bf575ee0b406e0ce73a12215dbe0"
        }
    ]
}