{
    "keep": {
        "days": false,
        "amount": 30
    },
    "auditLog": "C:\\dev\\Outsource\\OGTL-ERP\\src\\logs\\error\\.2842cdfa86aa3fb4e2cd37df4a07d6f0eb53e279-audit.json",
    "files": [
        {
            "date": 1637497625669,
            "name": "C:\\dev\\Outsource\\OGTL-ERP\\src\\logs\\error\\2021-11-21.log",
            "hash": "a0e95539e8d3c29dbea935912fac475a"
        },
        {
            "date": 1637565568523,
            "name": "C:\\dev\\Outsource\\OGTL-ERP\\src\\logs\\error\\2021-11-22.log",
            "hash": "6dfb3ae42824027ba651fc9393bbd763"
        },
        {
            "date": 1637644043365,
            "name": "C:\\dev\\Outsource\\OGTL-ERP\\src\\logs\\error\\2021-11-23.log",
            "hash": "571e65663d84c9953e6199b36594d33a"
        },
        {
            "date": 1637708410453,
            "name": "C:\\dev\\Outsource\\OGTL-ERP\\src\\logs\\error\\2021-11-24.log",
            "hash": "1e1cec43f60f53723296c33d5aa2dd3c"
        },
        {
            "date": 1637795658344,
            "name": "C:\\dev\\Outsource\\OGTL-ERP\\src\\logs\\error\\2021-11-25.log",
            "hash": "6470ed6f2493dc4b8087546a701bf9ab"
        },
        {
            "date": 1637927355134,
            "name": "C:\\dev\\Outsource\\OGTL-ERP\\src\\logs\\error\\2021-11-26.log",
            "hash": "67301cbfc317121c746cc94018ea97e1"
        },
        {
            "date": 1638030845031,
            "name": "C:\\dev\\Outsource\\OGTL-ERP\\src\\logs\\error\\2021-11-27.log",
            "hash": "b4d98523e85845da27d08ef8ca9b07fc"
        },
        {
            "date": 1638057417018,
            "name": "C:\\dev\\Outsource\\OGTL-ERP\\src\\logs\\error\\2021-11-28.log",
            "hash": "f33284b1314d8f610138ee2c35675617"
        },
        {
            "date": 1638165192306,
            "name": "C:\\dev\\Outsource\\OGTL-ERP\\src\\logs\\error\\2021-11-29.log",
            "hash": "125deff5605b74bd95709f48ebbf446c"
        },
        {
            "date": 1638263294762,
            "name": "C:\\dev\\Outsource\\OGTL-ERP\\src\\logs\\error\\2021-11-30.log",
            "hash": "a7ca070604c1e46f3864759117a2aa8d"
        },
        {
            "date": 1638368982411,
            "name": "C:\\dev\\Outsource\\OGTL-ERP\\src\\logs\\error\\2021-12-01.log",
            "hash": "6e7b4db280f81ce6cb4636d0a2e01213"
        },
        {
            "date": 1638986786347,
            "name": "C:\\dev\\Outsource\\OGTL-ERP\\src\\logs\\error\\2021-12-08.log",
            "hash": "55fd343db5f91a7a6c15f4e9338e3999"
        },
        {
            "date": 1639026859458,
            "name": "C:\\dev\\Outsource\\OGTL-ERP\\src\\logs\\error\\2021-12-09.log",
            "hash": "e421ace0bd592d179308c0a1e3d90644"
        },
        {
            "date": 1639392107828,
            "name": "C:\\dev\\Outsource\\OGTL-ERP\\src\\logs\\error\\2021-12-13.log",
            "hash": "3fd27dd5295e14f3bcfbce6e9fd35a29"
        },
        {
            "date": 1639438370316,
            "name": "C:\\dev\\Outsource\\OGTL-ERP\\src\\logs\\error\\2021-12-14.log",
            "hash": "0cf4e635c480eac8c89c3a8996213c00"
        },
        {
            "date": 1639525030535,
            "name": "C:\\dev\\Outsource\\OGTL-ERP\\src\\logs\\error\\2021-12-15.log",
            "hash": "281001983c14a3dd3951de62c739ecd8"
        },
        {
            "date": 1639632470778,
            "name": "C:\\dev\\Outsource\\OGTL-ERP\\src\\logs\\error\\2021-12-16.log",
            "hash": "ec3dc8caf803be39c449c82e0a960b76"
        },
        {
            "date": 1639724604119,
            "name": "C:\\dev\\Outsource\\OGTL-ERP\\src\\logs\\error\\2021-12-17.log",
            "hash": "ffca239440839ea80e56e53b02b40a94"
        },
        {
            "date": 1639978153845,
            "name": "C:\\dev\\Outsource\\OGTL-ERP\\src\\logs\\error\\2021-12-20.log",
            "hash": "fc53fd6ebce61050930bef1aca5f0930"
        },
        {
            "date": 1640063853123,
            "name": "C:\\dev\\Outsource\\OGTL-ERP\\src\\logs\\error\\2021-12-21.log",
            "hash": "961d7119810fe62daf6d18b4ce30fcf8"
        },
        {
            "date": 1640151821028,
            "name": "C:\\dev\\Outsource\\OGTL-ERP\\src\\logs\\error\\2021-12-22.log",
            "hash": "91611d79a06347a1f00fdee2c8574c85"
        },
        {
            "date": 1640495729092,
            "name": "C:\\dev\\Outsource\\OGTL-ERP\\src\\logs\\error\\2021-12-26.log",
            "hash": "f4255bbe2dab3f982db88e39408ce329"
        },
        {
            "date": 1640637864555,
            "name": "C:\\dev\\Outsource\\OGTL-ERP\\src\\logs\\error\\2021-12-27.log",
            "hash": "35ab73fb1e34ef8b8278ab300501ac97"
        },
        {
            "date": 1640897610706,
            "name": "C:\\dev\\Outsource\\OGTL-ERP\\src\\logs\\error\\2021-12-30.log",
            "hash": "7f5926301479c845d44bed6083cf243c"
        },
        {
            "date": 1640942137858,
            "name": "C:\\dev\\Outsource\\OGTL-ERP\\src\\logs\\error\\2021-12-31.log",
            "hash": "45351c567ecc79182a4ebee2317daee5"
        },
        {
            "date": 1641145991673,
            "name": "C:\\dev\\Outsource\\OGTL-ERP\\src\\logs\\error\\2022-01-02.log",
            "hash": "10ce89e5243d6946001e3865b52d4120"
        },
        {
            "date": 1641192049543,
            "name": "C:\\dev\\Outsource\\OGTL-ERP\\src\\logs\\error\\2022-01-03.log",
            "hash": "8eb9a7915b0c451dea7c085f107c9da4"
        },
        {
            "date": 1641288466549,
            "name": "C:\\dev\\Outsource\\OGTL-ERP\\src\\logs\\error\\2022-01-04.log",
            "hash": "05a700c073f90d5d88b7e110d42a3959"
        },
        {
            "date": 1642365718733,
            "name": "C:\\dev\\Outsource\\OGTL-ERP\\src\\logs\\error\\2022-01-16.log",
            "hash": "278658c4a224dba201269d4b1f42184a"
        },
        {
            "date": 1642569096393,
            "name": "C:\\dev\\Outsource\\OGTL-ERP\\src\\logs\\error\\2022-01-19.log",
            "hash": "d8c165b42000c7bf68382daa99bbd185"
        }
    ]
}