{
    "keep": {
        "days": false,
        "amount": 30
    },
    "auditLog": "C:\\Dev\\Outsource\\OGTL-ERP\\src\\logs\\error\\.7a06f4279e09861e3b64a21159e2e887c93063e3-audit.json",
    "files": [
        {
            "date": 1629199883550,
            "name": "C:\\Dev\\Outsource\\OGTL-ERP\\src\\logs\\error\\2021-08-17.log",
            "hash": "82d968e789bccf369a920d8254390926"
        },
        {
            "date": 1629278020338,
            "name": "C:\\Dev\\Outsource\\OGTL-ERP\\src\\logs\\error\\2021-08-18.log",
            "hash": "6f14d7aa395d3c507c00146e58cdf99b"
        },
        {
            "date": 1629372101786,
            "name": "C:\\Dev\\Outsource\\OGTL-ERP\\src\\logs\\error\\2021-08-19.log",
            "hash": "1b87180437cd3343686b7725b526bcef"
        },
        {
            "date": 1629419846182,
            "name": "C:\\Dev\\Outsource\\OGTL-ERP\\src\\logs\\error\\2021-08-20.log",
            "hash": "bde7052e88e65bcd2f321ccd4049835f"
        },
        {
            "date": 1629502091533,
            "name": "C:\\Dev\\Outsource\\OGTL-ERP\\src\\logs\\error\\2021-08-21.log",
            "hash": "3e795e40b9054f89c52baed51d9befe6"
        },
        {
            "date": 1629612490303,
            "name": "C:\\Dev\\Outsource\\OGTL-ERP\\src\\logs\\error\\2021-08-22.log",
            "hash": "8acdd0d831fd5c82e07f7d0f4680ade5"
        },
        {
            "date": 1629673741136,
            "name": "C:\\Dev\\Outsource\\OGTL-ERP\\src\\logs\\error\\2021-08-23.log",
            "hash": "f4de69b9980cc49e4d38e71ad7c00fd3"
        },
        {
            "date": 1629793503275,
            "name": "C:\\Dev\\Outsource\\OGTL-ERP\\src\\logs\\error\\2021-08-24.log",
            "hash": "15ad491214ab71afbdfecbf238f1c079"
        },
        {
            "date": 1629877962714,
            "name": "C:\\Dev\\Outsource\\OGTL-ERP\\src\\logs\\error\\2021-08-25.log",
            "hash": "b386936cd4b94a85eae289aa79710958"
        },
        {
            "date": 1630059870737,
            "name": "C:\\Dev\\Outsource\\OGTL-ERP\\src\\logs\\error\\2021-08-27.log",
            "hash": "6e0943a7d98a435f26926f201b45cb03"
        },
        {
            "date": 1630409251801,
            "name": "C:\\Dev\\Outsource\\OGTL-ERP\\src\\logs\\error\\2021-08-31.log",
            "hash": "74cb453d0b4a05d496ddafb780ac89cc"
        },
        {
            "date": 1630485331016,
            "name": "C:\\Dev\\Outsource\\OGTL-ERP\\src\\logs\\error\\2021-09-01.log",
            "hash": "f68c042679f23bf38d10623409794804"
        },
        {
            "date": 1630538057955,
            "name": "C:\\Dev\\Outsource\\OGTL-ERP\\src\\logs\\error\\2021-09-02.log",
            "hash": "61a65cd38c7c0b0fd8384a0d677dbeaa"
        },
        {
            "date": 1630656934081,
            "name": "C:\\Dev\\Outsource\\OGTL-ERP\\src\\logs\\error\\2021-09-03.log",
            "hash": "ec6d6f7899f09dfaab5c2c17b250d0b2"
        },
        {
            "date": 1630713998404,
            "name": "C:\\Dev\\Outsource\\OGTL-ERP\\src\\logs\\error\\2021-09-04.log",
            "hash": "f57a1df080d3589b4e08a4dc03c0aa52"
        },
        {
            "date": 1630818641180,
            "name": "C:\\Dev\\Outsource\\OGTL-ERP\\src\\logs\\error\\2021-09-05.log",
            "hash": "7ce239a1c9dbd3ab5c3c9b2b55f58a3c"
        },
        {
            "date": 1630887336191,
            "name": "C:\\Dev\\Outsource\\OGTL-ERP\\src\\logs\\error\\2021-09-06.log",
            "hash": "5dacc7e445bfa5c7567171fd5afd8818"
        },
        {
            "date": 1630969232272,
            "name": "C:\\Dev\\Outsource\\OGTL-ERP\\src\\logs\\error\\2021-09-07.log",
            "hash": "7831b0dfb232a251e39d42a5f915f1a0"
        },
        {
            "date": 1631059665495,
            "name": "C:\\Dev\\Outsource\\OGTL-ERP\\src\\logs\\error\\2021-09-08.log",
            "hash": "b5881038e1e0bed017c3e468b46d6658"
        }
    ]
}